c0001,John,Cricket Basic,Validity upto 12-12-18,
c0002,Patterson,Cricket Infinity,Validity upto 1-6-18, 
c0003,Tim,Cricket Student,Validity upto 5-2-18, 
c0004,Merl,Cricket Family,Validity upto 6-6-18, 
c0005,Robert,Cricket Basic,Validity upto 28-2-18,
c0006,Andrea,Cricket Infinity,Validity upto 5-5-18,
c0007,Lucy,Cricket Infinity,Vality upto 31-12-18, 
c0008,Nicole,Cricket Plus,Validity upto 12-10-18, 
c0009,Breanna,Cricket Plus,Validity upto 25-5-18,
c0010,Daniel,Cricket Student,Validity upto 22-8-18, 
c0011,Mason,Cricket Family,validity upto 22-4-18, 
c0012,Sasha,Cricket Basic,Validity upto 22-3-18, 
c0013,Baylee,Cricket Plus,Validity upto 28-6-18, 
c0014,Gabrial,Cricket Infinity,Validity upto 4-4-18,